question,answer
hi,Hello! How can I help you today?
hello,Hi there! Feel free to ask me about Motihari or our projects.
hey,Hey! What's on your mind?
how are you,I'm doing great! Ready to assist with your queries about Motihari.
what is your name,I am the Motihari Equality Chatbot.
who created you,I was created by the Motihari Equality dev team.
where is motihari,Motihari is in the East Champaran district of Bihar, India.
population of motihari,The population is around 125,000 in the city area.
main issues in motihari,We focus on income disparity, education gaps, and social exclusion.
what is income disparity,Income disparity refers to the gap between the rich and the poor in Motihari.
how do you tackle income disparity,We provide micro-loans, skill development, and job placement programs.
what is education gap,It is the lack of quality educational resources for underprivileged communities.
how do you tackle education gap,We build community learning centers and offer scholarships for students.
what is social exclusion,It is when certain groups face discrimination or marginalization.
how do you tackle social exclusion,We run awareness campaigns and policy advocacy to promote inclusivity.
what is the significance of policy reforms,Policy reforms can create systemic change by ensuring fair resource allocation.
who are your sponsors,We have sponsors like ABC Corp and XYZ Enterprises funding local projects.
how to contact us,You can use the contact form on our homepage or reach us by email.
tell me about abc corp,ABC Corp invests in education and healthcare initiatives in Motihari.
tell me about xyz enterprises,XYZ Enterprises supports vocational training and community development.
do you have a solutions page,Yes, visit the Solutions page to see our main initiatives.
how can i volunteer,You can fill out the volunteer form on the contact section or email us.
do you operate only in motihari,Currently, our main focus is Motihari, but we plan to expand.
what is the biggest challenge in motihari,Income disparity is quite large, leading to other issues like illiteracy.
how old is motihari,The region has a long history, but as a municipality, it dates back over 100 years.
who was born in motihari,George Orwell, the famous author, was born in Motihari.
what languages are spoken,Mainly Hindi and local dialects like Bhojpuri.
what is the literacy rate,It’s around 60-70% depending on the area.
tell me about community empowerment,We organize skill workshops and micro-finance support for local businesses.
tell me about inclusive education,We sponsor children and train teachers in modern methods.
tell me about policy reforms again,We advocate fair representation and push for government-funded projects.
tell me about awareness campaigns,We host events and media outreach to educate people on social inclusion.
what is your approach to healthcare,We partner with local clinics to provide free check-ups in some areas.
does motihari have good transport,It has rail and road connectivity but needs better infrastructure.
any historical monuments in motihari,Yes, there’s the Gandhi Sangrahalaya among other landmarks.
do you have any success stories,Yes, we’ve helped over 500 families gain stable income through micro-loans.
how do you fund these projects,Mostly through sponsors, grants, and donations.
can i donate,Yes, you can donate via our Sponsors page or contact us for details.
are you a government organization,No, we are an NGO focusing on grassroots development.
which schools do you support,We partner with local public schools and community-run centers.
what about adult literacy,We run evening classes for adults who missed formal schooling.
any special programs for women,Yes, we have women’s empowerment groups focusing on entrepreneurship.
how to become a sponsor,Please email or call us, or fill out the sponsor form on our site.
do you have an office in motihari,Yes, our main office is in downtown Motihari near the bus station.
who leads your organization,Our board of directors includes local community leaders and experts.
what is the biggest barrier,Funding and awareness are the main barriers to scaling our efforts.
do you work with other ngos,Yes, we collaborate with Education4All and HealthFirst among others.
is motihari safe,Generally yes, but like any city, it needs improvements in infrastructure and policing.
what are your future plans,We aim to expand micro-loans and build more learning centers.
how to join awareness campaigns,Check our Solutions or Contact page for upcoming events.
tell me about micro-loans,They are small loans to help individuals start or grow businesses.
tell me about skill training,We teach sewing, carpentry, computing, etc. to increase employability.
any environmental initiatives,We’re exploring solar power solutions and waste management projects.
can i meet your team,Yes, we host monthly meetups. Check the Contact page to RSVP.
who is your founder,Our NGO was founded by a group of local educators and social workers.
what is your motto,Our motto is “Empower, Educate, and Include.”
any success story in detail,We helped a group of women form a co-op that now makes handicrafts sold nationwide.
do you have a helpline,Yes, you can call +91-1234567890 for urgent queries.
tell me about cast-based discrimination,We actively work to reduce it by bridging economic and social gaps.
any scholarship programs,We have scholarships for meritorious students from low-income backgrounds.
are there volunteer opportunities,Yes, we need volunteers for teaching, event organizing, and more.
tell me about your events,We host job fairs, health camps, and educational seminars monthly.
do you collaborate with government,Yes, we sometimes partner with local government for policy advocacy.
how can i become a teacher,We hire local graduates. Submit your CV through the contact form.
what is the climate in motihari,It has a subtropical climate with hot summers and mild winters.
what is the best time to visit,Winter (Nov-Feb) is pleasant for traveling and volunteering.
tell me about local festivals,Chhath Puja is a major festival celebrated in the region.
can i see pictures of your projects,Yes, we have a gallery section on the Solutions page.
any ongoing projects,We’re building 2 new community centers and expanding micro-loan coverage.
how do you measure impact,We track metrics like literacy rate improvement and income changes.
tell me about the education centers,They are equipped with computers, libraries, and trained teachers.
any cultural programs,We host cultural nights to celebrate diversity and raise funds.
are there any internships,Yes, we occasionally offer internships for social work or education students.
can i partner as a local business,Absolutely, we welcome collaborations that benefit the community.
what if i have more questions,Feel free to ask here or email us at contact@motihari-equality.org.
are you on social media,Yes, we’re on Facebook, Twitter, and Instagram. Search “Motihari Equality.”
what is your facebook handle,We are at @MotihariEqualityOfficial.
what is your twitter handle,We are at @MotihariEqual.
do you run a youtube channel,Yes, we post success stories at youtube.com/motihariequality.
tell me about your volunteer experiences,Volunteers have taught classes, run donation drives, and organized events.
any free health checkups,We hold free health camps in partnership with local clinics quarterly.
do you accept clothes donations,Yes, especially for children in rural areas. Contact us to arrange pickup.
are you connected with local government,We consult with local officials for resource allocation and reforms.
tell me about your achievements,We’ve improved literacy rates in 3 wards by 15% and aided 500 families in micro-loans.
what is your biggest success story,One success story is the women’s co-op that quadrupled their monthly income in 2 years.
are there membership fees,No, we’re free to join, but we appreciate donations or volunteer time.
any training for digital literacy,Yes, we teach basic computer skills in our learning centers.
what is the difference between you and other ngos,We focus specifically on Motihari, ensuring deeper local impact.
how can i trust your organization,We maintain transparency with public reports and audits.
do you host fundraising events,Yes, we host an annual fundraiser and smaller events throughout the year.
tell me about your annual fundraiser,We invite local celebrities and businesses to sponsor auctions and performances.
any support for farmers,We provide micro-loans and teach modern farming techniques.
do you have child sponsorship,Yes, donors can sponsor a child’s education directly.
how to sponsor a child,Email or fill out the child sponsorship form under Solutions > Inclusive Education.
do you provide free meals,We partner with a local kitchen to offer midday meals in some schools.
what is the next big plan,We plan to open a vocational institute specializing in IT and hospitality training.
are you associated with un agencies,We collaborate with UNICEF in some child health initiatives.
which donors support you,We receive grants from ABC Foundation, XYZ Charities, and public donations.
how do you handle emergencies,We have a small emergency fund for floods or other local crises.
what is the best way to help,Volunteering, donating, or spreading awareness about Motihari’s issues.
can i adopt a village,We do adopt-a-village programs where donors fund multiple projects in a single area.
any last words,Thanks for learning about Motihari Equality! We appreciate your interest.
